source,author,title,description,url,urlToImage,publishedAt,content
"{'id': None, 'name': 'Yahoo Entertainment'}",,黃仁勳大巨蛋開球門票賣光！　民眾搶買現場票：我是他粉絲,即時中心／陳思妤報導輝達（NVIDIA）創辦人黃仁勳旋風來台，今（1）日將到大巨蛋為「龍星大樂主題日」開球，成為中職史上身價最高的開球嘉賓。他的加持下，門票已經賣光，味全龍緊急加開內野L5座位，不少民眾提前到現場排隊購票，就是要一睹「AI教父」風采。,https://consent.yahoo.com/v2/collectConsent?sessionId=1_cc-session_1affe040-8878-45a0-9190-e5e15a0f5d40,,2024-05-31 23:56:54+00:00,"If you click 'Accept all', we and our partners, including 237 who are part of the IAB Transparency &amp; Consent Framework, will also store and/or access information on a device (in other words, use … [+678 chars]"
"{'id': None, 'name': 'Nvidia.com'}",Monika Jhuria,Optimize Processes for Large Spaces with the Multi-Camera Tracking Workflow,"Large areas like warehouses, factories, stadiums, and airports are typically monitored by hundreds of cameras to improve safety and optimize operations. Tracking objects and measuring activity…",https://developer.nvidia.com/blog/optimize-processes-for-large-spaces-with-the-multi-camera-tracking-workflow/,https://developer-blogs.nvidia.com/wp-content/uploads/2024/05/multi-camera-tracking-featured.png,2024-05-31 23:37:49+00:00,"Large areas like warehouses, factories, stadiums, and airports are typically monitored by hundreds of cameras to improve safety and optimize operations. Tracking objects and measuring activity accura… [+13264 chars]"
"{'id': None, 'name': 'Biztoc.com'}",aol.com,"Economist Stephen Roach, who thinks China has a gloomy economic future, says Biden is pushing the two countries into a ‘forever’ trade war","The escalating U.S.-China trade war could become a “forever war” that ultimately drags on with no clear end in sight, according to Stephen Roach, who is an expert on the Chinese economy. The former chair of Morgan Stanley Asia took issue with the U.S.’s lates…",https://biztoc.com/x/15f03aa953ee5816,https://c.biztoc.com/p/15f03aa953ee5816/s.webp,2024-05-31 23:14:04+00:00,"The escalating U.S.-China trade war could become a forever war that ultimately drags on with no clear end in sight, according to Stephen Roach, who is an expert on the Chinese economy.The former chai… [+286 chars]"
"{'id': None, 'name': 'Slashdot.org'}",feedfeeder,"Stock market today: Stocks cap another winning month, S&P 500 logs best May since 2003 - Yahoo Finance","Stock market today: Stocks cap another winning month, S&P 500 logs best May since 2003Yahoo Finance Dow closes more than 570 points higher to post best day in 2024, stocks wrap a winning MayNBC News Stock Market Today: Dow, S&P 500 Finish Higher After PCE Inf…",https://slashdot.org/firehose.pl?op=view&amp;id=174024059,,2024-05-31 23:13:48+00:00,Sign up for the Slashdot newsletter! OR check out the new Slashdot job board to browse remote jobs or jobs in your areaDo you develop on GitHub? You can keep using GitHub but automatically sync your … [+268 chars]
"{'id': None, 'name': 'Yahoo Entertainment'}",,黃仁勳大巨蛋開球「票全賣光」！味全龍緊急加開　粉絲排爆買票,記者王翊綺／台北報導 輝達（NVIDIA）創辦人黃仁勳來台，所到之處皆掀起高度關注，今（1）日受研華（2395）棒球家庭日邀請，擔任中職味全龍隊主場開球嘉賓，確定成為,https://consent.yahoo.com/v2/collectConsent?sessionId=1_cc-session_a81349b6-9cb1-4228-bfb4-061b87ce3b50,,2024-05-31 23:05:18+00:00,"If you click 'Accept all', we and our partners, including 237 who are part of the IAB Transparency &amp; Consent Framework, will also store and/or access information on a device (in other words, use … [+678 chars]"
"{'id': None, 'name': 'Nvidia.com'}",Jesse Clayton,Streamline AI-Powered App Development with NVIDIA RTX AI Toolkit for Windows RTX PCs,"NVIDIA today launched the NVIDIA RTX AI Toolkit, a collection of tools and SDKs for Windows application developers and enthusiasts to customize, optimize, and deploy AI models for Windows applications.",https://developer.nvidia.com/blog/streamline-ai-powered-app-development-with-nvidia-rtx-ai-toolkit-for-windows-rtx-pcs/,https://developer-blogs.nvidia.com/wp-content/uploads/2024/05/ai-model-development-graphic-1.jpg,2024-05-31 23:00:27+00:00,"NVIDIA today launched the NVIDIA RTX AI Toolkit, a collection of tools and SDKs for Windows application developers and enthusiasts to customize, optimize, and deploy AI models for Windows application… [+8772 chars]"
"{'id': None, 'name': 'Nvidia.com'}",Hayden Wolff,A Simple Guide to Deploying Generative AI with NVIDIA NIM,"Whether you’re working on-premises or in the cloud, NVIDIA NIM inference microservices provide enterprise developers with easy-to-deploy optimized AI models from the community, partners, and NVIDIA.",https://developer.nvidia.com/blog/a-simple-guide-to-deploying-generative-ai-with-nvidia-nim/,https://developer-blogs.nvidia.com/wp-content/uploads/2024/05/nim-gif.gif,2024-05-31 22:56:52+00:00,"Whether youre working on-premises or in the cloud, NVIDIA NIM inference microservices provide enterprise developers with easy-to-deploy optimized AI models from the community, partners, and NVIDIA. P… [+4244 chars]"
"{'id': None, 'name': 'Yahoo Entertainment'}",徐筱嵐,蔡明忠分享人生經驗3面向 讚黃仁勳「人來瘋」是人際好典範,東海大學今（6/1）舉辦112年度畢業典禮，邀請富邦集團董事長蔡明忠出席，他謙稱自己沒有什麼金句，但人生經驗可分成三個面向來分享，學會與自我對話、和諧人際關係、對世界永保好奇，他更以輝達（NVIDIA）執行長黃仁勳為例，有點「人來瘋」，不只對自己的夥伴、親友，連陌生人都很親切，「這樣的成功，發展人際關係最佳典範」...,https://tw.news.yahoo.com/%E8%94%A1%E6%98%8E%E5%BF%A0%E5%88%86%E4%BA%AB%E4%BA%BA%E7%94%9F%E7%B6%93%E9%A9%973%E9%9D%A2%E5%90%91-%E8%AE%9A%E9%BB%83%E4%BB%81%E5%8B%B3-%E4%BA%BA%E4%BE%86%E7%98%8B-%E6%98%AF%E4%BA%BA%E9%9A%9B%E5%A5%BD%E5%85%B8%E7%AF%84-065442879.html,https://media.zenfs.com/zh-tw/taisounds_com_380/13595a7cd9eab7d11f11da04346b99b0,2024-05-31 22:54:42+00:00,"We Offer Fair Cash Prices. If you own a house that you want sold quickly, we can help by giving you a competitive cash offer. No need for repairs..."
"{'id': None, 'name': 'Bangkok Post'}",Nuntawun Polkuamdee  and Nareerat Wiriyapong,Asian shares recover on hopes for policy support,"RECAP: Asian stocks recovered on Friday after a three-day selling streak, boosted by a decline in US Treasury yields and weakness in the dollar amid optimism for more policy support after disappointing economic data from the US, China and Japan.",https://www.bangkokpost.com/business/general/2803234/asian-shares-recover-on-hopes-for-policy-support,https://static.bangkokpost.com/media/content/20240601/c1_2803234_240601055046_700.jpeg,2024-05-31 22:54:00+00:00,"RECAP: Asian stocks recovered on Friday after a three-day selling streak, boosted by a decline in US Treasury yields and weakness in the dollar amid optimism for more policy support after disappointi… [+8972 chars]"
"{'id': None, 'name': 'Bangkok Post'}",Nuntawun Polkuamdee and Nareerat Wiriyapong,Asian shares recover on hopes for policy support,"RECAP: Asian stocks recovered on Friday after a three-day selling streak, boosted by a decline in US Treasury yields and weakness in the dollar amid optimism for more policy support after disappointing economic data from the US, China and Japan.",https://www.bangkokpost.com/business/investment/2803234/asian-shares-recover-on-hopes-for-policy-support,https://static.bangkokpost.com/media/content/20240601/c1_2803234_240601055046_700.jpeg,2024-05-31 22:54:00+00:00,"RECAP: Asian stocks recovered on Friday after a three-day selling streak, boosted by a decline in US Treasury yields and weakness in the dollar amid optimism for more policy support after disappointi… [+9240 chars]"
"{'id': None, 'name': 'Yahoo Entertainment'}",Meerub Anjum,Is Emeren Group Ltd (NYSE:SOL) a Buy or Sell According to Hedge Funds?,We recently compiled a list of the 10 Best Renewable Energy Penny Stocks to Invest In and in this article we will discuss whether Emeren Group Ltd (NYSE:SOL)...,https://finance.yahoo.com/news/emeren-group-ltd-nyse-sol-224632125.html,https://media.zenfs.com/en/insidermonkey.com/35148a6378627fe82344902462d90485,2024-05-31 22:46:32+00:00,We recently compiled a list of the 10 Best Renewable Energy Penny Stocks to Invest Inand in this article we will discuss whether Emeren Group Ltd (NYSE:SOL) is the top renewable energy penny stock to… [+9137 chars]
"{'id': None, 'name': 'Yahoo Entertainment'}",Meerub Anjum,"Is FTC Solar, Inc. (NASDAQ:FTCI) the Best Renewable Energy Penny Stock According to Hedge Funds?","We recently compiled a list of the 10 Best Renewable Energy Penny Stocks to Invest In and in this article we will discuss whether FTC Solar, Inc...",https://finance.yahoo.com/news/ftc-solar-inc-nasdaq-ftci-223919225.html,https://s.yimg.com/ny/api/res/1.2/YvdxqErMvyoVSjqlLlWpBw--/YXBwaWQ9aGlnaGxhbmRlcjt3PTEyMDA7aD02NzM-/https://media.zenfs.com/en/insidermonkey.com/10c54aa64001f47c5041a4a92657b9b9,2024-05-31 22:39:19+00:00,"We recently compiled a list of the 10 Best Renewable Energy Penny Stocks to Invest Inand in this article we will discuss whether FTC Solar, Inc. (NASDAQ:FTCI) is the top renewable energy penny stock … [+9245 chars]"
"{'id': None, 'name': 'Yahoo Entertainment'}",Meerub Anjum,Is Sunnova Energy International Inc. (NYSE:NOVA) the Best Penny Stock to Buy Now?,"We recently compiled a list of the 10 Best Renewable Energy Penny Stocks to Invest In and in this article, we will discuss whether Sunnova Energy...",https://finance.yahoo.com/news/sunnova-energy-international-inc-nyse-223907816.html,https://s.yimg.com/ny/api/res/1.2/.tQhEgph68L.4HXJnMkHJQ--/YXBwaWQ9aGlnaGxhbmRlcjt3PTEyMDA7aD02NzM-/https://media.zenfs.com/en/insidermonkey.com/db465d89c29c480c2686972133f5bee3,2024-05-31 22:39:07+00:00,"We recently compiled a list of the 10 Best Renewable Energy Penny Stocks to Invest Inand in this article, we will discuss whether Sunnova Energy International Inc. (NYSE:NOVA) is the top renewable en… [+9258 chars]"
"{'id': None, 'name': 'Askubuntu.com'}",gionotrante,Pulseaudio not detecting microphone,"I have a pair of Razer Nari Ultimate headphones with an integrated microphone, I never had any issues with them until a couple of days ago when I tried installing droidcam to use my phone's mic on my pc. When i rebooted after installing droidcam my headphone …",https://askubuntu.com/questions/1516091/pulseaudio-not-detecting-microphone,https://cdn.sstatic.net/Sites/askubuntu/Img/apple-touch-icon@2.png?v=c492c9229955,2024-05-31 22:33:48+00:00,"I have a pair of Razer Nari Ultimate headphones with an integrated microphone, I never had any issues with them until a couple of days ago when I tried installing droidcam to use my phone's mic on my… [+6825 chars]"
"{'id': None, 'name': 'Biztoc.com'}",finance.yahoo.com,"Stock market today: Stocks cap another winning month, S&P 500 logs best May since 2020","US stocks wrapped the last trading day of the month on a high note, notching the sixth positive month in the last seven for all three major indexes. The blue-chip Dow Jones Industrial Average (^DJI) rose 1.5%, or about 575 points, shaking off two days of shar…",https://biztoc.com/x/d058a42fbb31873d,https://c.biztoc.com/p/d058a42fbb31873d/og.webp,2024-05-31 22:32:12+00:00,"US stocks wrapped the last trading day of the month on a high note, notching the sixth positive month in the last seven for all three major indexes.The blue-chip Dow Jones Industrial Average (^DJI) r… [+276 chars]"
"{'id': None, 'name': 'Stockcharts.com'}",Jayanthi Gopalakrishnan,Stock Market Shows Its Magic: An Exciting Finish,"What a turnaround! Today's PCE data, which was in line with expectations, initially sent the stock market higher. Then, it experienced a significant selloff, but things changed in the last 30 minutes. Equities pushed higher into the close, revealing that inve…",https://stockcharts.com/articles/chartwatchers/2024/05/stock-market-shows-its-magic-a-939.html,https://stockcharts.com/img/articles/2024/05/31/276d8a0b-4f13-4be2-a190-37eee8c131a2.jpg,2024-05-31 22:28:35+00:00,<ul><li>The stock market has wrapped the week on a positive note</li><li>Consumer Staples stocks may start to show strength in the near future</li><li>More macro data is on deck for next week</li></u… [+5861 chars]
"{'id': None, 'name': 'Biztoc.com'}",investors.com,Market Rally Ends Week On Bullish Note; Nvidia CEO On Tap,"Dow Jones futures will open Sunday evening, along with S&P 500 futures and Nasdaq futures. Tesla (TSLA) China EV rivals and Nvidia CEO Jensen Huang are in focus this weekend, with the jobs report due this coming week. The stock market rally suffered losses la…",https://biztoc.com/x/4d923ad6f8085baa,https://c.biztoc.com/p/4d923ad6f8085baa/s.webp,2024-05-31 22:26:05+00:00,"Dow Jones futures will open Sunday evening, along with S&amp;P 500 futures and Nasdaq futures. Tesla (TSLA) China EV rivals and Nvidia CEO Jensen Huang are in focus this weekend, with the jobs report… [+294 chars]"
"{'id': None, 'name': 'Biztoc.com'}",aol.com,"Dow closes more than 570 points higher to post best day in 2024, stocks wrap a winning May","The Dow Jones Industrial Average jumped Friday for its best session of the year, as investors wrapped up a strong month after the Federal Reserve’s preferred inflation measure came in largely around expectations. The blue-chip Dow climbed 574.84 points, or 1.…",https://biztoc.com/x/91592f4ca2d1d070,https://c.biztoc.com/p/91592f4ca2d1d070/s.webp,2024-05-31 22:18:05+00:00,"The Dow Jones Industrial Average jumped Friday for its best session of the year, as investors wrapped up a strong month after the Federal Reserves preferred inflation measure came in largely around e… [+302 chars]"
"{'id': None, 'name': 'Levelup.com'}",Víctor Rosas,Redfall se despide en grande con su última actualización,"La historia accidentada de Redfall llegó a su fin esta semana con el lanzamiento de una última actualización. lamentablemente, también será el último aliento de Arkane Austin luego de que se decidiera su cierre en marco de los cambios realizados por Microsoft…",https://www.levelup.com/noticias/790631/Redfall-se-despide-en-grande-con-su-ultima-actualizacion,https://cl2.buscafs.com/www.levelup.com/public/uploads/images/854257/854257_600x315.jpg,2024-05-31 22:18:00+00:00,"La historia accidentada de Redfall llegó a su fin esta semana con el lanzamiento de una última actualización. lamentablemente, también será el último aliento de Arkane Austin luego de que se decidier… [+1570 chars]"
"{'id': None, 'name': 'Slashdot.org'}",feedfeeder,Stock market today: Wall Street rallies to close out a bloom-filled May - The Associated Press,"Stock market today: Wall Street rallies to close out a bloom-filled MayThe Associated Press Dow closes more than 570 points higher to post best day in 2024, stocks wrap a winning May: Live updatesCNBC Dow jumps, April PCE, interest rates: Market TakeawaysYaho…",https://slashdot.org/firehose.pl?op=view&amp;id=174023745,,2024-05-31 22:13:09+00:00,Sign up for the Slashdot newsletter! OR check out the new Slashdot job board to browse remote jobs or jobs in your areaDo you develop on GitHub? You can keep using GitHub but automatically sync your … [+268 chars]
"{'id': None, 'name': 'Expansion.com'}",Sergio Saiz,Los neoyorquinos podrían comprar Nvidia y todo el Ibex,En Nueva York viven cerca de 360.000 millonarios y está considerada la ciudad más adinerada del planeta. Madrid aparece en la posición número 32 del ránking de ciudades con más ricos del mundo Leer,https://www.expansion.com/directivos/estilo-vida/2024/06/01/665a29ea468aeba72c8b459c.html,https://phantom-expansion.unidadeditorial.es/bd6ce843f0dbc7c5812efb7a2fffaff3/crop/3x0/2011x1339/resize/1200/f/webp/assets/multimedia/imagenes/2024/05/31/17171847383965.jpg,2024-05-31 22:08:24+00:00,En Nueva York viven cerca de 360.000 millonarios y está considerada la ciudad más adinerada del planeta. Madrid aparece en la posición número 32 del ránking de ciudades con más ricos del mundo359.560… [+438 chars]
"{'id': None, 'name': 'Olhardigital.com.br'}",Tamires Ferreira,Nvidia irá ultrapassar Apple como 2ª empresa mais valiosa do mundo,"Fabricante de chips já é a maior beneficiária do aumento na adoção de aplicativos de IA 
O post Nvidia irá ultrapassar Apple como 2ª empresa mais valiosa do mundo  apareceu primeiro em Olhar Digital.",https://olhardigital.com.br/2024/05/31/pro/nvidia-ira-ultrapassar-apple-como-2a-empresa-mais-valiosa-do-mundo/,https://olhardigital.com.br/wp-content/uploads/2024/05/nvidia-2-e1717081397939.jpg,2024-05-31 22:05:13+00:00,"Após perder a liderança como a empresa mais valiosa do mundo para a Microsoft, a Apple pode ser em breve superada também pela Nvidia, que segue na cola da dona do iPhone. De acordo com a Reuters, gra… [+2405 chars]"
"{'id': None, 'name': 'Digital Trends'}",Jacob Roach,"Full coverage of Computex, the world’s biggest computing conference","Computex is the world's biggest computing conference, taking place each year in Taipei, Taiwan. The event this year will take place from June 3 to June 7, showcasing the best new tech in the world of PCs. All the big players will be there, including AMD, Inte…",https://www.digitaltrends.com/topic/computex/,https://www.digitaltrends.com/wp-content/uploads/2024/05/DT-Computex-2024-Feature-Image_9c1b91.jpg?resize=1200%2C630&p=1,2024-05-31 22:05:08+00:00,"About
Computex is the world’s biggest computing conference, taking place each year in Taipei, Taiwan. The event this year will take place from June 3 to June 7, showcasing the best new tech in the w… [+341 chars]"
"{'id': None, 'name': 'Biztoc.com'}",abcnews.go.com,"How major US stock indexes fared Friday, 5/31/2024","Stocks ended mostly higher on Wall Street, closing out the market’s latest winning month By The Associated Press Stocks ended mostly higher on Wall Street, closing out the market’s latest winning month. The S & P 500 shook off a midday slump and ended 0.8% hi…",https://biztoc.com/x/377cb97998cb7972,https://c.biztoc.com/p/377cb97998cb7972/s.webp,2024-05-31 21:58:05+00:00,"Stocks ended mostly higher on Wall Street, closing out the markets latest winning monthBy The Associated PressStocks ended mostly higher on Wall Street, closing out the markets latest winning month.T… [+257 chars]"
"{'id': None, 'name': 'Neowin'}",Fiza Ali,AMD Ryzen 9 and RTX-powered Razer Blade 14 gaming laptop drops to lowest price on Amazon,"Amazon US is currently offering a huge 30% discount on the original MSRP of Razer Blade 14 gaming laptop so, get your hands on it while it is still in stock and update your gaming experience today! Read more...",https://www.neowin.net/deals/amd-ryzen-9-and-rtx-powered-razer-blade-14-gaming-laptop-drops-to-lowest-price-on-amazon/,https://cdn.neowin.com/news/images/uploaded/2024/05/1717189642_razer_blade_14_story.jpg,2024-05-31 21:58:01+00:00,Razer Blade 14 gaming laptop is currently available at its lowest price ever on Amazon US so you might want to check it out if you have been looking to upgrade your gaming experience. With the NVIDIA… [+1738 chars]
"{'id': None, 'name': 'Esri.com'}","Ryan Danzey, Ryan Danzey",ArcGIS Pro Virtualization Hardware and VM Profiles,ArcGIS Pro virtualization server hardware and VM profiles for the best user experience.,https://www.esri.com/arcgis-blog/products/arcgis-pro/announcements/arcgis-pro-virtualization-hardware-and-vm-profiles/,https://www.esri.com/arcgis-blog/wp-content/uploads/2018/05/arcgis-blog-default-card-pro-card-1-826x465.jpg,2024-05-31 21:56:29+00:00,"ArcGIS Pro is a powerful desktop GIS application and provides advanced mapping and analysis capabilities for professionals in various industries. When it comes to virtualization, ArcGIS Pro can be ru… [+4704 chars]"
"{'id': None, 'name': 'Biztoc.com'}",nbcnews.com,"Dow closes more than 570 points higher to post best day in 2024, stocks wrap a winning May","The Dow Jones Industrial Average jumped Friday for its best session of the year, as investors wrapped up a strong month after the Federal Reserve’s preferred inflation measure came in largely around expectations. The blue-chip Dow climbed 574.84 points, or 1.…",https://biztoc.com/x/d804e3c0c2115e6e,https://c.biztoc.com/p/d804e3c0c2115e6e/s.webp,2024-05-31 21:54:04+00:00,"The Dow Jones Industrial Average jumped Friday for its best session of the year, as investors wrapped up a strong month after the Federal Reserves preferred inflation measure came in largely around e… [+308 chars]"
"{'id': 'nbc-news', 'name': 'NBC News'}","Alex Harring, CNBC and Sarah Min, CNBC","Dow closes more than 570 points higher to post best day in 2024, stocks wrap a winning May","The Dow Jones Industrial Average jumped Friday for its best session of the year, as investors wrapped up a strong month after the Federal Reserve’s preferred inflation measure came in largely around expectations.",https://www.nbcnews.com/business/markets/dow-closes-570-points-higher-post-best-day-2024-stocks-rcna154986,"https://media-cldnry.s-nbcnews.com/image/upload/t_nbcnews-fp-1200-630,f_auto,q_auto:best/rockcms/2024-05/240531-nyse-stock-traders-ac-549p-5d7af6.jpg",2024-05-31 21:51:54+00:00,"The Dow Jones Industrial Average jumped Friday for its best session of the year, as investors wrapped up a strong month after the Federal Reserves preferred inflation measure came in largely around e… [+2265 chars]"
"{'id': None, 'name': 'AOL'}","Alex Harring, CNBC and Sarah Min, CNBC","Dow closes more than 570 points higher to post best day in 2024, stocks wrap a winning May","The Dow Jones Industrial Average jumped Friday for its best session of the year, as investors wrapped up a strong month after the Federal Reserve’s preferred...",https://www.aol.com/news/dow-closes-more-570-points-215154190.html,https://s.yimg.com/ny/api/res/1.2/Lm_mF0ZpMVn3raNpG_7gRg--/YXBwaWQ9aGlnaGxhbmRlcjt3PTEyMDA7aD04MDA-/https://media.zenfs.com/en/aol_nbc_universal_184/cab48d16263cc6d5f163c5b5e6f30c7e,2024-05-31 21:51:54+00:00,"The Dow Jones Industrial Average jumped Friday for its best session of the year, as investors wrapped up a strong month after the Federal Reserves preferred inflation measure came in largely around e… [+2265 chars]"
"{'id': None, 'name': 'Marketscreener.com'}",,"Wall Street: sudden upturn, causes uncertain","(marketscreener.com) The scenario was quite unexpected: Wall Street looked set to finish in the red, but a spectacular rebound got underway at around 9.35pm... and sellers, caught off-guard, were forced to buy back in a hurry.This was particularly evident in …",https://www.marketscreener.com/quote/index/DOW-JONES-INDUSTRIAL-4945/news/Wall-Street-sudden-upturn-causes-uncertain-46878481/,https://www.marketscreener.com/images/reuters/2016-10-21T225758Z_1_LYNXNPEC9K1VF_RTROPTP_2_USA-STOCKS.JPG,2024-05-31 21:51:19+00:00,"The scenario was quite unexpected: Wall Street looked set to finish in the red, but a spectacular rebound got underway at around 9.35pm... and sellers, caught off-guard, were forced to buy back in a … [+2371 chars]"
"{'id': None, 'name': 'Yahoo Entertainment'}",FTNN新聞網,蘇媽也來了！黃仁勳、季辛格等「科技業9霸主」齊聚台北,[FTNN新聞網]財經中心／綜合報導2024台北國際電腦展（COMPUTEX）即將在6月4日至7日登場，不僅輝達（NVIDIA）執行長黃仁勳帶著全家人來台參與，AI晶片大廠超微...,https://tw.stock.yahoo.com/news/%E8%98%87%E5%AA%BD%E4%B9%9F%E4%BE%86%E4%BA%86-%E9%BB%83%E4%BB%81%E5%8B%B3-%E5%AD%A3%E8%BE%9B%E6%A0%BC%E7%AD%89-%E7%A7%91%E6%8A%80%E6%A5%AD9%E9%9C%B8%E4%B8%BB-%E9%BD%8A%E8%81%9A%E5%8F%B0%E5%8C%97-055000556.html,https://media.zenfs.com/vi/ftnn_com_tw_939/4871b57f45bb0a15c824c9ba02fa7433,2024-05-31 21:50:00+00:00,"[FTNN]
2024COMPUTEX647NVIDIAAIAMD7
AIKeynote3AMDQualcommCristiano Amon
4IntelPat Gelsinger
5NASDAQLars RegerNVIDIAArmRene Haas
15004500AIVR
FTNNAI PC7% 2517"
"{'id': None, 'name': 'Yahoo Entertainment'}",,黃仁勳6/2晚間7點台大體育館演講「AI如何帶動全球新產業革命發展」直播現場看這篇,2024台北國際電腦展(COMPUTEX 2024)，將於6月4日至6月7日在台北隆重舉行，輝達（NVIDIA）執行長黃仁勳先行暖身，今（2日）晚間7時到台大體育館進行演講，據了解台積電總裁魏哲嘉、鴻海董事長劉揚偉都有參加。Yahoo奇摩全程直播。,https://consent.yahoo.com/v2/collectConsent?sessionId=1_cc-session_73f9e317-9008-42b3-9e32-06e84d67daf6,,2024-05-31 21:45:32+00:00,"If you click 'Accept all', we and our partners, including 237 who are part of the IAB Transparency &amp; Consent Framework, will also store and/or access information on a device (in other words, use … [+678 chars]"
"{'id': None, 'name': 'Yahoo Entertainment'}",,黃仁勳6/2晚上7時台大體育館演講「AI如何帶動全球新產業革命發展」直播現場看這篇,2024台北國際電腦展(COMPUTEX 2024)，將於6月4日至6月7日在台北隆重舉行，輝達（NVIDIA）執行長黃仁勳先行暖身，6月2日晚間7時到台大體育館進行演講，據了解台積電總裁魏哲嘉、鴻海董事長劉揚偉都有參加，Yahoo奇摩全程直播。,https://consent.yahoo.com/v2/collectConsent?sessionId=1_cc-session_07210ed3-e445-4ec5-a4a5-a3ed18a57c90,,2024-05-31 21:45:32+00:00,"If you click 'Accept all', we and our partners, including 237 who are part of the IAB Transparency &amp; Consent Framework, will also store and/or access information on a device (in other words, use … [+678 chars]"
"{'id': 'info-money', 'name': 'InfoMoney'}",Reuters,"Nasdaq fecha acima de 17.000 pontos e S&P 500 avança, mas Dow Jones cai","Nvidia sobe 7% e impulsiona índice das ações de tecnologia
The post Nasdaq fecha acima de 17.000 pontos e S&P 500 avança, mas Dow Jones cai appeared first on InfoMoney.",https://www.infomoney.com.br/mercados/nasdaq-fecha-acima-de-17-000-pontos-e-sp-500-avanca-mas-dow-jones-cai/,https://www.infomoney.com.br/wp-content/uploads/2024/03/408980952.jpg?quality=70,2024-05-31 21:44:27+00:00,"© 2000-2023 InfoMoney. Todos os direitos reservados.
 O InfoMoney preza a qualidade da informação e atesta a apuração de todo o conteúdo produzido por sua equipe,
 ressaltando, no entanto, que não … [+1218 chars]"
"{'id': None, 'name': 'Biztoc.com'}",investorplace.com,Inflation Is Cooling,"The stock market has been exhibiting some rather strange behavior lately... The stock market has been exhibiting some rather strange behavior lately. You might even say it’s a bit like Dr. Jekyll and Mr. Hyde. One week, the AI boom is the dominant character, …",https://biztoc.com/x/04d01707c9839ea9,https://c.biztoc.com/p/04d01707c9839ea9/s.webp,2024-05-31 21:40:06+00:00,The stock market has been exhibiting some rather strange behavior lately...The stock market has been exhibiting some rather strange behavior lately.You might even say its a bit like Dr. Jekyll and Mr… [+299 chars]
"{'id': None, 'name': 'Biztoc.com'}",investorplace.com,The Hypergrowth Hype Trap: 3 Stocks That Promise Moonshots But Deliver Duds,These overhyped growth stocks show the potential pitfalls of hypergrowth investing Hypergrowth stocks have tremendous allure. Investing in just one company like Nvidia (NASDAQ: ) or Amazon (NASDAQ: ) in its early days can lead to life-changing returns. But fo…,https://biztoc.com/x/060c603e511fe137,https://c.biztoc.com/p/060c603e511fe137/s.webp,2024-05-31 21:40:06+00:00,These overhyped growth stocks show the potential pitfalls of hypergrowth investingHypergrowth stocks have tremendous allure. Investing in just one company like Nvidia (NASDAQ: ) or Amazon (NASDAQ: ) … [+287 chars]
"{'id': None, 'name': ""Investor's Business Daily""}",Investor's Business Daily,"Dow Jones Futures: Stocks End On Bullish Note; Tesla Rivals, Nvidia CEO On Tap","Despite weekly losses, bulls showed some fight Friday afternoon.",https://www.investors.com/market-trend/stock-market-today/dow-jones-futures-bullish-note-tesla-rivals-nvidia-ceo-on-tap/,https://www.investors.com/wp-content/uploads/2023/03/Stock-nvidia-ceojensenhuang-01-company.jpg,2024-05-31 21:38:53+00:00,"Dow Jones futures will open Sunday evening, along with S&amp;P 500 futures and Nasdaq futures. Tesla (TSLA) China EV rivals and Nvidia CEO Jensen Huang are in focus this weekend, with the jobs report… [+7221 chars]"
"{'id': None, 'name': 'Biztoc.com'}",semafor.com,US faces a China conundrum in chip licensing restrictions,"Insights from China Talk, Forbes, and Yonhap The News Washington is concerned that China could be circumventing export controls and accessing US chip technology via US allies. Washington has delayed the approval of AI chip exports to the Middle East by chipma…",https://biztoc.com/x/5c3a1814677f6e4d,https://c.biztoc.com/p/5c3a1814677f6e4d/s.webp,2024-05-31 21:38:05+00:00,"Insights from China Talk, Forbes, and YonhapThe NewsWashington is concerned that China could be circumventing export controls and accessing US chip technology via US allies.Washington has delayed the… [+315 chars]"
"{'id': None, 'name': 'Nvidia.com'}",Aditi Bodhankar,Building Safer LLM Apps with LangChain Templates and NVIDIA NeMo Guardrails,"An easily deployable reference architecture can help developers get to production faster with custom LLM use cases. LangChain Templates are a new way of creating, sharing, maintaining, downloading…",https://developer.nvidia.com/blog/building-safer-llm-apps-with-langchain-templates-and-nvidia-nemo-guardrails/,https://developer-blogs.nvidia.com/wp-content/uploads/2024/05/llm-nemo-guardrails.jpg,2024-05-31 21:37:46+00:00,"An easily deployable reference architecture can help developers get to production faster with custom LLM use cases. LangChain Templates are a new way of creating, sharing, maintaining, downloading, a… [+8973 chars]"
"{'id': None, 'name': 'Biztoc.com'}",aol.com,Stock market today: US indexes rally after cool inflation data,"None The S&P 500 and Dow rallied, while the Nasdaq traded mostly flat. • None Investors were encouraged by inflation that met expectations, increasing Fed rate-cut chances. US indexes finished mostly higher on Friday after a key inflation metric left investor…",https://biztoc.com/x/806f4b62a3d899a6,https://c.biztoc.com/p/806f4b62a3d899a6/s.webp,2024-05-31 21:36:04+00:00,"None The S&amp;P 500 and Dow rallied, while the Nasdaq traded mostly flat.None Investors were encouraged by inflation that met expectations, increasing Fed rate-cut chances.US indexes finished mostly… [+287 chars]"
"{'id': None, 'name': 'Biztoc.com'}",investing.com,NVIDIA is a shoo-in for the Dow post stock split By,"With its latest earnings report, AI darling NVIDIA Corporation (NASDAQ: ) announced a ten-for-one stock split. The split, which will be distributed at the close on June 7th, will give shareholders ten shares in exchange for each one share they own as of the J…",https://biztoc.com/x/bd67a541e79d39b8,https://c.biztoc.com/p/bd67a541e79d39b8/s.webp,2024-05-31 21:34:05+00:00,"With its latest earnings report, AI darling NVIDIA Corporation (NASDAQ: ) announced a ten-for-one stock split. The split, which will be distributed at the close on June 7th, will give shareholders te… [+306 chars]"
"{'id': None, 'name': '3dnews.ru'}",,"Российские компании продолжают закупать ИИ-ускорители Nvidia, несмотря на санкции, но затраты растут","Несмотря на санкции, российским компаниям в сфере ИИ-технологий пока удаётся закупать необходимое оборудование, в первую очередь — ускорители вычислений Nvidia, которые можно объединять в высокопроизводительные кластеры, пишет «Коммерсантъ». Данные ускорители…",https://3dnews.ru/1105772/ii-trebuet-vsyo-bolshe-vichislitelnih-resursov,https://3dnews.ru/assets/external/illustrations/2024/05/31/1105772/technology-3435575_1280.jpg,2024-05-31 21:31:00+00:00,", - , — Nvidia, , «». — .
: geralt/Pixabay
-. , «» «» (LLM), YandexGPT GigaChat, . VK , LLM.
 LLM , . Nvidia. Dell’Oro Group, 2023 97 % , .
LLM , . , , . - «» , YandexGPT , -.
 VK (HPC-) , «» - … [+98 chars]"
"{'id': None, 'name': 'Digital Trends'}",Aaron Mamiit,Dell’s best-selling gaming laptop is $200 off today,The Dell G15 gaming laptop with the Nvidia GeForce RTX 3050 graphics card is available for an even more budget-friendly price of $700 with Dell's $200 discount.,https://www.digitaltrends.com/computing/dell-g15-gaming-laptop-with-rtx-3050-deal-dell-may-2024/,https://www.digitaltrends.com/wp-content/uploads/2023/08/dell-g15.jpg?resize=1200%2C630&p=1,2024-05-31 21:30:39+00:00,"Dell
The Dell G15 gaming laptop is already an extremely popular device, but it will likely end up in the hands of more gamers because of Dell’s $200 discount for the machine. From the original price… [+1882 chars]"
"{'id': None, 'name': 'La Vanguardia'}",JuanMi Guirado,"Menudo animal: 32 GB de RAM, RTX 4070 y pantalla de 144 Hz con 420 euros de descuento","¿Necesitas un ordenador portátil con potencia suficiente para que nunca se te venga abajo? Para eso debes gastar una buena cantidad de dinero. Sin embargo, a pesar de que pueda parecer un gasto muy grande, es una inversión de futuro. Yo prefiero gastar 1500 e…",https://www.lavanguardia.com/andro4all/ofertas/menudo-animal-32-gb-de-ram-rtx-4070-y-pantalla-de-144-hz-con-420-euros-de-descuento,https://www.lavanguardia.com/andro4all/hero/2024/05/hp-victus-16.1717136419.1828.jpg?width=1200,2024-05-31 21:30:19+00:00,"Este HP Victus 16 tiene un aspecto de ordenador portátil normal, nada que ver con la máquina que realmente esconde su chasis
¿Necesitas un ordenador portátil con potencia suficiente para que nunca s… [+3657 chars]"
"{'id': None, 'name': 'XDA Developers'}",Dylan Turck,What is an AI PC and is it worth the hype?,Curious about AI PCs? Explore the hype around these innovative machines.,https://www.xda-developers.com/what-is-ai-pc-and-is-it-worth-hype/,https://static1.xdaimages.com/wordpress/wp-content/uploads/2024/01/your-paragraph-text-2-1.png,2024-05-31 21:30:14+00:00,"In our current day and age, you would be hard-pressed to find a company that isn't striving to enter the AI space. Since the rise of ChatGPT and the overwhelmingly positive public response to AI in g… [+5943 chars]"
"{'id': None, 'name': 'Yahoo Entertainment'}",,黃仁勳2日進台大演講！學生寫信求入場　校長親曝拒絕原因,[周刊王CTWANT] 輝達（NVIDIA）執行長黃仁勳近日來訪台灣，所有行動都備受矚目。而他將在2日參加與2024台北國際電腦展（COMPUTEX）活動，於台大體育館發表主題演講，分享人工智慧時代如何帶動全球新產業革命的發展。不過，黃仁勳在31日中午，無預警出現在台大第一活動中心，瞬間就被台大學生...,https://consent.yahoo.com/v2/collectConsent?sessionId=1_cc-session_fc994dab-10ae-4a88-9dd6-84b72ef2fd30,,2024-05-31 21:28:39+00:00,"If you click 'Accept all', we and our partners, including 237 who are part of the IAB Transparency &amp; Consent Framework, will also store and/or access information on a device (in other words, use … [+678 chars]"
"{'id': None, 'name': 'Biztoc.com'}",pymnts.com,Nvidia on Track to Become Second-Most Valuable Company,"Nvidia’s role in the artificial intelligence market could reportedly make it the world’s second-most valuable company. The chip maker could overtake Apple to assume the position, behind No. 1 ranked Microsoft, Reuters reported Friday (May 31). In January, Mic…",https://biztoc.com/x/16b86f527df82be1,https://c.biztoc.com/p/16b86f527df82be1/s.webp,2024-05-31 21:26:06+00:00,"Nvidias role in the artificial intelligence market could reportedly make it the worlds second-most valuable company.The chip maker could overtake Apple to assume the position, behind No. 1 ranked Mic… [+287 chars]"
"{'id': None, 'name': 'pymnts.com'}",PYMNTS,Nvidia on Track to Become Second-Most Valuable Company,"Nvidia’s role in the artificial intelligence market could reportedly make it the world’s second-most valuable company. The chip maker could overtake Apple to assume the position, behind No. 1 ranked Microsoft, Reuters reported Friday (May 31). In January, Mic…",https://www.pymnts.com/news/artificial-intelligence/2024/nvidia-could-become-second-most-valuable-company/,https://www.pymnts.com/wp-content/uploads/2023/12/Nvidia.jpg,2024-05-31 21:16:37+00:00,"Nvidias role in the artificial intelligence market could reportedly make it the worlds second-most valuable company.
The chip maker could overtake Apple to assume the position, behind No. 1 ranked M… [+2032 chars]"
"{'id': None, 'name': 'Biztoc.com'}",fortune.com,"Economist Stephen Roach, who thinks China has a gloomy economic future, says Biden is pushing the two countries into a ‘forever’ trade war","The escalating U.S.-China trade war could become a “forever war” that ultimately drags on with no clear end in sight, according to Stephen Roach, who is an expert on the Chinese economy. The former chair of Morgan Stanley Asia took issue with the U.S.’s lates…",https://biztoc.com/x/e4aca5e41a0fd383,https://c.biztoc.com/p/e4aca5e41a0fd383/s.webp,2024-05-31 21:14:04+00:00,"The escalating U.S.-China trade war could become a forever war that ultimately drags on with no clear end in sight, according to Stephen Roach, who is an expert on the Chinese economy.The former chai… [+292 chars]"
"{'id': None, 'name': 'Biztoc.com'}",cnbc.com,Nvidia’s billionaire founder: The No. 1 thing I believe today that my younger self wouldn’t understand,"Jensen Huang used to worry about not having enough time to accomplish everything he wanted. These days, the billionaire Nvidia CEO and co-founder wishes he hadn't worried so much. ""There's plenty of time. If you prioritize yourself properly and you make sure …",https://biztoc.com/x/1326cdc75d87a0e0,https://c.biztoc.com/p/1326cdc75d87a0e0/og.webp,2024-05-31 21:08:09+00:00,"Jensen Huang used to worry about not having enough time to accomplish everything he wanted.These days, the billionaire Nvidia CEO and co-founder wishes he hadn't worried so much. ""There's plenty of t… [+250 chars]"
"{'id': 'fortune', 'name': 'Fortune'}",Paolo Confino,"Economist Stephen Roach, who thinks China has a gloomy economic future, says Biden is pushing the two countries into a ‘forever’ trade war",The former chair of Morgan Stanley Asia thinks a trade war isn’t in either country’s best interest.,https://fortune.com/2024/05/31/stephen-roach-us-china-trade-war-economy-tariffs-semiconductor-chips-tiktok/,"https://fortune.com/img-assets/wp-content/uploads/2024/05/GettyImages-1784317745-e1717188391250.jpg?resize=1200,600",2024-05-31 21:02:40+00:00,"The escalating U.S.-China trade war could become a forever war that ultimately drags on with no clear end in sight, according to Stephen Roach, who is an expert on the Chinese economy. The former cha… [+3897 chars]"
"{'id': None, 'name': '3dnews.ru'}",,Songs of Conquest — песнь величия. Рецензия,"Жанр Пошаговая стратегия   Издатель Coffee Stain   Издатель в России Нет   Разработчик Lavapotion   Минимальные требования Процессор Intel Core i5-4440 3,1 ГГц / AMD FX-8300 3,3 ГГц, 8 Гбайт RAM, видеокарта с поддержкой DirectX 11 и 2 Гбайт памяти, например N…",https://3dnews.ru/1105705/songs-of-conquest-review,https://3dnews.ru/assets/external/illustrations/2024/05/30/1105705/sm.Songs_of_Conquest_screenshot_onpage_1.800.jpg,2024-05-31 21:00:00+00:00,"PC
 Songs of Conquest — , , «» «», , . , . , , ; , ; , — . , , , , !
 , 
, , , Songs of Conquest. , , : , — , — , . , , , , . , — , , , . , , , , .
 — , . , . (, ), , . , ( «» — ). . , , , , , — … [+629 chars]"
"{'id': None, 'name': 'GameSpot'}",Alessandro Barbosa,"Ghost of Tsushima Is Another Solid, Slightly Unambitious, PlayStation PC Port","As Sony continues to bring many of its acclaimed PlayStation console exclusives to PC, each release seems to be getting better in terms of quality and stability. Ghost of Tsushima is the latest to uphold this trend, with developer Nixxes showing yet again how…",https://www.gamespot.com/articles/ghost-of-tsushima-is-another-solid-slightly-unambitious-playstation-pc-port/1100-6523865/,https://www.gamespot.com/a/uploads/screen_kubrick/43/434805/4311325-ghostoftsushimadcpc_16x9.jpg,2024-05-31 20:57:00+00:00,"As Sony continues to bring many of its acclaimed PlayStation console exclusives to PC, each release seems to be getting better in terms of quality and stability. Ghost of Tsushima is the latest to up… [+4595 chars]"
"{'id': None, 'name': 'Yahoo Entertainment'}",,黃仁勳來台愛逛夜市 官方數據揭小吃攤販經營密碼,（中央社記者潘姿羽台北1日電）輝達（NVIDIA）執行長黃仁勳每次來台都掀起旋風，造訪夜市美食更是他的必備行程。主計總處最新調查揭開台灣美食攤販的生存實況，不只競爭激烈、已成為紅海市場，平均年利潤新台幣54.5萬元，僅與上班族的中位數年薪相仿，凸顯攤販生存大不易。,https://consent.yahoo.com/v2/collectConsent?sessionId=1_cc-session_41e1c258-9590-41ea-9f76-e2fc7fb2a471,,2024-05-31 20:52:50+00:00,"If you click 'Accept all', we and our partners, including 237 who are part of the IAB Transparency &amp; Consent Framework, will also store and/or access information on a device (in other words, use … [+678 chars]"
"{'id': None, 'name': 'Yahoo Entertainment'}",,黃仁勳今天開球穿幾號？「93」有來由　接捕人選受矚目,中職味全龍今天（1日）比賽邀請到「史上最高身價」的超大咖開球！輝達（NVIDIA）執行長黃仁勳將登上大巨蛋投手丘開球，他會穿上幾號球衣以及誰來擔任接捕，成為備受矚目話題。,https://consent.yahoo.com/v2/collectConsent?sessionId=1_cc-session_a435bbb1-3812-4a85-a39e-14a60033cd0d,,2024-05-31 20:50:22+00:00,"If you click 'Accept all', we and our partners, including 237 who are part of the IAB Transparency &amp; Consent Framework, will also store and/or access information on a device (in other words, use … [+678 chars]"
"{'id': None, 'name': 'Biztoc.com'}",finance.yahoo.com,"Stock market today: Stocks cap another winning month, S&P 500 logs best May since 2020","US stocks wrapped the last trading day of the month on a high note, notching the sixth positive month in the last seven for all three major indexes. The blue-chip Dow Jones Industrial Average (^DJI) rose 1.5%, or about 575 points, shaking off two days of shar…",https://biztoc.com/x/95931bc77307c447,https://c.biztoc.com/p/95931bc77307c447/s.webp,2024-05-31 20:48:05+00:00,"US stocks wrapped the last trading day of the month on a high note, notching the sixth positive month in the last seven for all three major indexes.The blue-chip Dow Jones Industrial Average (^DJI) r… [+276 chars]"
"{'id': 'abc-news', 'name': 'ABC News'}",The Associated Press,"How major US stock indexes fared Friday, 5/31/2024","Stocks ended mostly higher on Wall Street, closing out the market’s latest winning month",https://abcnews.go.com/Business/wireStory/major-us-stock-indexes-fared-friday-5312024-110727208,https://s.abcnews.com/images/US/abc_news_default_2000x2000_update_16x9_992.jpg,2024-05-31 20:37:51+00:00,"Stocks ended mostly higher on Wall Street, closing out the markets latest winning month. 
The S&amp;P 500 shook off a midday slump and ended 0.8% higher Friday. Drops for Nvidia and other technology… [+1137 chars]"
"{'id': None, 'name': 'Naftemporiki.gr'}",Μαρία Γεωργακοπούλου,Wall: Θετικός ο Μάιος παρά τις εβδομαδιαίες απώλειες,"Με σημαντική άνοδο έκλεισε τη σημερινή συνεδρίαση ο Dow Jones, με τους επενδυτές να «χωνεύουν» τα στοιχεία για το δείκτη προσωπικών καταναλωτικών δαπανών στις ΗΠΑ, καθώς ήταν σύμφωνα με τις…
Wall: Θετικός ο Μάιος παρά τις εβδομαδιαίες απώλειες - Η ΝΑΥΤΕΜΠΟΡΙΚΗ",https://www.naftemporiki.gr/finance/markets/1676437/wall-thetikos-o-maios-para-tis-evdomadiaies-apoleies/,https://www.naftemporiki.gr/wp-content/uploads/2023/07/2023-07-12T151113Z_400167905_RC2P12ALKSG3_RTRMADP_3_USA-STOCKS.jpg,2024-05-31 20:35:33+00:00,"Dow Jones, «» , , .
Dow Jones 574,84 1,51%, 38.686,32 , 2024, Salesforce UnitedHealth, 7% 2% .
S&amp;P 500 0,8%, 5.277,51 . Nasdaq 0,01% 16.735,02 , Nvidia .
 , S&amp;P 500 Nasdaq , 0,51% 1,1% . D… [+259 chars]"
"{'id': 'globo', 'name': 'Globo'}",,"Bolsas de NY fecham sem direção única na sessão, mas acumulam ganhos no mês","Os principais índices de Wall Street foram pressionados pelo desempenho mais fraco de ações de tecnologia, nesta sexta-feira (31)",https://valor.globo.com/financas/noticia/2024/05/31/bolsas-de-ny-fecham-sem-direcao-unica-na-sessao-mas-acumulam-ganhos-no-mes.ghtml,https://s2-valor.glbimg.com/9e_hbY2gTIJ4p9C0QZdJjo1qBtw=/1200x/smart/filters:cover():strip_icc()/i.s3.glbimg.com/v1/AUTH_63b422c2caee4269b8b34177e8876b93/internal_photos/bs/2019/n/U/tVnHwVQYSCCapewvnd7g/0019out3.jpg,2024-05-31 20:29:04+00:00,"As bolsas de Nova York terminaram o pregão desta sexta-feira (31) sem direção única, pressionadas pelo desempenho mais fraco de ações de tecnologia, mas em um movimento de realização de lucros em Wal… [+1526 chars]"
"{'id': None, 'name': ""Tom's Hardware UK""}",Anton Shilov,ASRock launches Radeon RX 7900 WS cards with blower coolers and 12V-2×6 power connectors,ASRock launches industry's first Radeon RX 7900 XT and RX 7900 XTX graphics boards with blower coolers and 12V-2×6 power connectors designed specifically for multi-GPU environments and professional usage.,https://www.tomshardware.com/pc-components/gpus/asrock-launches-radeon-rx-7900-ws-cards-with-blower-coolers-and-12v-26-power-connectors,https://cdn.mos.cms.futurecdn.net/62jb3ANLjBaMwE2t3wyohe-1200-80.png,2024-05-31 20:26:43+00:00,"Just days before Computex kicks off, ASRock introduced its first Radeon RX 7900 WS graphics cards. These cards are not primarily aimed at gamers (even though they are clearly among the best graphics … [+2491 chars]"
"{'id': None, 'name': 'Yahoo Entertainment'}",,美超微創辦人梁見後返台盼擴大在台投資　預告將和黃仁勳見面,即時中心／陳思妤報導北科大今（1）日舉行畢業典禮，美國超微電腦（Supermicro）創辦人暨執行長梁見後現身演講。梁見後表示，會將自己的經驗跟學弟妹分享，他認為「對人類社會有正面的幫助，那就是很棒的職涯規劃」。梁見後指出，AI對人類社會影響有可能超越工業革命，未來他也希望能擴大在台灣投資，這次回台也會跟輝達（NVIDIA）創辦人黃仁勳見面。原文出處：快新聞／美超微創辦人梁見後返台盼擴大在台投資　預告將和黃仁勳見面,https://consent.yahoo.com/v2/collectConsent?sessionId=1_cc-session_9d5aafdb-caf4-44a8-ba16-1c0f37d524ae,,2024-05-31 20:24:38+00:00,"If you click 'Accept all', we and our partners, including 237 who are part of the IAB Transparency &amp; Consent Framework, will also store and/or access information on a device (in other words, use … [+678 chars]"
"{'id': None, 'name': 'Biztoc.com'}",benzinga.com,Metasphere Labs Focuses its Carbon Aware Routing Protocol,"VANCOUVER, British Columbia, May 31, 2024 (GLOBE NEWSWIRE) -- Metasphere Labs Inc. (formerly Looking Glass Labs Ltd., ""Metasphere Labs"" or the ""Company"") (Cboe Canada: LABZ) LABZF H1N is pleased to provide further details on its innovative carbon aware routin…",https://biztoc.com/x/aa77fa16af72852c,https://c.biztoc.com/p/aa77fa16af72852c/s.webp,2024-05-31 20:18:04+00:00,"VANCOUVER, British Columbia, May 31, 2024 (GLOBE NEWSWIRE) -- Metasphere Labs Inc. (formerly Looking Glass Labs Ltd., ""Metasphere Labs"" or the ""Company"") (Cboe Canada: LABZ) LABZF H1N is pleased to p… [+299 chars]"
"{'id': None, 'name': 'Minneapolis Star Tribune'}",The Associated Press,"How major US stock indexes fared Friday, 5/31/2024","Stocks ended mostly higher on Wall Street, closing out the market's latest winning month.",https://www.startribune.com/how-major-us-stock-indexes-fared-friday-5312024/600370147/,https://www.startribune.com/static/img/branding/logos/strib-social-card.png?d=1717186480,2024-05-31 20:18:01+00:00,"Stocks ended mostly higher on Wall Street, closing out the market's latest winning month.
The S&amp;P 500 shook off a midday slump and ended 0.8% higher Friday. Drops for Nvidia and other technology… [+1137 chars]"
"{'id': None, 'name': 'Biziday.ro'}",Antonia Olteanu,"Nvidia ar putea depăși Apple și să devină a doua cea mai valoroasă companie listată la bursă, pe fondul dominației în segmentul cipurilor care alimentează sistemele AI. Valoarea sa de piață s-a triplat, în ultimul an.","Producătorul american Nvidia este cel mai mare beneficiar al popularității în creștere a inteligenței artificiale, întrucât dezvoltatorii de chatboți și alte produse se bazează pe cipurile sale high-end pentru a-și alimenta și dezvolta rețelele. Compania apro…",https://www.biziday.ro/285671-2/,https://cdn.biziday.ro/wp-content/uploads/2023/05/Bogdan-Zhorov-Dreamstime-Nvidia-cip-scaled.jpg,2024-05-31 20:16:21+00:00,"Productorul american Nvidia este cel mai mare beneficiar al popularitii în cretere a inteligenei artificiale, întrucât dezvoltatorii de chatboi i alte produse se bazeaz pe cipurile sale high-end pent… [+1597 chars]"
"{'id': 'business-insider', 'name': 'Business Insider'}",fdemott@insider.com (Filip De Mott),Stock market today: US indexes rally after cool inflation data,"The Dow surged in the final hour of trading, closing nearly 600 points higher, after a key inflation metric cooled as expected.",https://markets.businessinsider.com/news/stocks/stock-market-today-pce-cool-inflation-fed-rate-cuts-nvidia-2024-5,https://i.insider.com/665a2b9fd0b8e1c832caef44?width=1200&format=jpeg,2024-05-31 20:12:43+00:00,"US indexes finished mostly higher on Friday after a key inflation metric left investors encouraged.
The S&amp;P 500 and Dow Jones Industrial Average rose, while the Nasdaq Composite was flat. Nvidia… [+1614 chars]"
"{'id': None, 'name': 'Biztoc.com'}",apnews.com,"Stock market today: Late push sends Wall Street mostly higher, closing out another winning month","Stocks ended mostly higher on Wall Street, closing out the market’s latest winning month. The S&P 500 shook off a midday slump and ended 0.8% higher Friday. Drops for Nvidia and other technology stocks held back the Nasdaq composite, leaving that index just b…",https://biztoc.com/x/69bd8e4d2252fc06,https://c.biztoc.com/p/69bd8e4d2252fc06/og.webp,2024-05-31 20:12:10+00:00,"Stocks ended mostly higher on Wall Street, closing out the markets latest winning month. The S&amp;P 500 shook off a midday slump and ended 0.8% higher Friday. Drops for Nvidia and other technology s… [+299 chars]"
"{'id': None, 'name': 'Biztoc.com'}",barrons.com,Nasdaq Roars as Stocks Finish Strong Month,"The Nasdaq Composite roared back in the final hour of trading on Friday, as stocks closed out a stellar May. The Dow Jones Industrial Average finished up 578 points, or 1.5%, while the S&P 500 gained 0.8%. The Nasdaq Composite dipped just 2.06 points, or 0.01…",https://biztoc.com/x/841103858e2e1966,https://c.biztoc.com/p/841103858e2e1966/s.webp,2024-05-31 20:10:17+00:00,"The Nasdaq Composite roared back in the final hour of trading on Friday, as stocks closed out a stellar May.The Dow Jones Industrial Average finished up 578 points, or 1.5%, while the S&amp;P 500 gai… [+263 chars]"
"{'id': 'ign', 'name': 'IGN'}",Jacqueline Thomas,Best Monitor for PS5,Ditch your TV for a monitor to really get the most out of your PS5.,https://www.ign.com/articles/best-monitor-for-ps5,https://assets-prd.ignimgs.com/2022/06/28/sony-inzone-m9-hero-1656397240066.jpg?width=1280,2024-05-31 20:10:03+00:00,"Rather than opting for one of the best TVs for PS5
, grabbing a gaming monitor
 lets you enjoy all the top-notch gaming chops a TV offers in a smaller, and often more affordable, package. Sony even… [+12141 chars]"
"{'id': 'financial-post', 'name': 'Financial Post'}",GlobeNewswire,Metasphere Labs Focuses its Carbon Aware Routing Protocol,"VANCOUVER, British Columbia, May 31, 2024 (GLOBE NEWSWIRE) — Metasphere Labs Inc. (formerly Looking Glass Labs Ltd., “Metasphere Labs” or the “Company“) (Cboe Canada: LABZ) (OTC: LABZF) (FRA: H1N) is pleased to provide further details on its innovative carbon…",https://financialpost.com/globe-newswire/metasphere-labs-focuses-its-carbon-aware-routing-protocol,,2024-05-31 20:05:29+00:00,"Author of the article:
Article content
VANCOUVER, British Columbia, May 31, 2024 (GLOBE NEWSWIRE) Metasphere Labs Inc. (formerly Looking Glass Labs Ltd., Metasphere Labs or the Company) (Cboe Canad… [+11325 chars]"
"{'id': None, 'name': 'Marketscreener.com'}",,Metasphere Labs Focuses its Carbon Aware Routing Protocol,"(marketscreener.com) VANCOUVER, British Columbia, May 31, 2024 -- Metasphere Labs Inc. is pleased to provide further details on its innovative carbon aware routing protocol initiative. In response to the significant environmental impact of the Internet's grow…",https://www.marketscreener.com/quote/stock/METASPHERE-LABS-INC-132884727/news/Metasphere-Labs-Focuses-its-Carbon-Aware-Routing-Protocol-46877922/,https://www.marketscreener.com/images/twitter_MS_fdblanc.png,2024-05-31 20:05:06+00:00,"VANCOUVER, British Columbia, May 31, 2024 (GLOBE NEWSWIRE) -- Metasphere Labs Inc. (formerly Looking Glass Labs Ltd., ""Metasphere Labs"" or the ""Company"") (Cboe Canada: LABZ) (OTC: LABZF) (FRA: H1N) i… [+8621 chars]"
"{'id': None, 'name': 'GlobeNewswire'}",Metasphere Labs Inc.,Metasphere Labs Focuses its Carbon Aware Routing Protocol,"VANCOUVER, British Columbia, May 31, 2024 (GLOBE NEWSWIRE) -- Metasphere Labs Inc. (formerly Looking Glass Labs Ltd., ""Metasphere Labs"" or the ""Company"") (Cboe Canada: LABZ) (OTC: LABZF) (FRA: H1N) is pleased to provide further details on its innovative carbo…",https://www.globenewswire.com/news-release/2024/05/31/2891740/0/en/Metasphere-Labs-Focuses-its-Carbon-Aware-Routing-Protocol.html,https://ml.globenewswire.com/Resource/Download/22abd3b5-4faa-4406-a426-f8cd98085965,2024-05-31 20:05:00+00:00,"VANCOUVER, British Columbia, May 31, 2024 (GLOBE NEWSWIRE) -- Metasphere Labs Inc. (formerly Looking Glass Labs Ltd., ""Metasphere Labs"" or the ""Company"") (Cboe Canada: LABZ) (OTC: LABZF) (FRA: H1N) i… [+8611 chars]"
"{'id': None, 'name': ""Investor's Business Daily""}",Investor's Business Daily,Nvidia Wants To Topple Apple. But Apple Takes Aim At Microsoft.,"With Nvidia hot on its heels, Apple stock looks to break out and hold its market-cap lead over its AI rival.",https://www.investors.com/research/ibd-stock-analysis/apple-stock-nvidia-microsoft-market-cap/,https://www.investors.com/wp-content/uploads/2024/05/Stock-robotshake2-generatedai-03-adobe.jpg,2024-05-31 20:04:32+00:00,"While Microsoft (MSFT) tops all Magnificent Seven stocks in terms of market-capitalization weighting on the Nasdaq, Apple (AAPL) holds the No. 2 spot for now. But as Nvidia (NVDA) looks to snatch tha… [+3816 chars]"
"{'id': None, 'name': 'Biztoc.com'}",investorplace.com,The Growth Stock Graveyard: 3 Former High-Fliers to Flee from Fast,"These former growth stocks are shadows of their former selves. Growth stocks can be an effective and lucrative way to play a volatile market. Since the start of 2024, the S&P500 and Nasdaq Composite indices have risen 11.2% and 11.5%, respectively. Driving th…",https://biztoc.com/x/e16ac96f990f22ae,https://c.biztoc.com/p/e16ac96f990f22ae/s.webp,2024-05-31 20:02:09+00:00,"These former growth stocks are shadows of their former selves.Growth stocks can be an effective and lucrative way to play a volatile market. Since the start of 2024, the S&amp;P500 and Nasdaq Composi… [+302 chars]"
"{'id': None, 'name': 'Yahoo Entertainment'}",FTNN新聞網,純愛戰士黃仁勳？17歲對妻一見鍾情　羞認「她是初戀」求婚夜遇死劫嚇壞了,[FTNN新聞網]記者蕭廷芬／綜合報導輝達（NVIDIA）執行長黃仁勳，26日帶著全家人來台，連日在台北市區到處趴趴走，所到之處都掀起一陣追星熱；日前他被捕捉跟...,https://tw.stock.yahoo.com/news/%E7%B4%94%E6%84%9B%E6%88%B0%E5%A3%AB%E9%BB%83%E4%BB%81%E5%8B%B3-17%E6%AD%B2%E5%B0%8D%E5%A6%BB-%E8%A6%8B%E9%8D%BE%E6%83%85-%E7%BE%9E%E8%AA%8D-%E5%A5%B9%E6%98%AF%E5%88%9D%E6%88%80-040200083.html,https://media.zenfs.com/en/ftnn_com_tw_939/6f194a506745c5f5834813944e8bbaaa,2024-05-31 20:02:00+00:00,We are thrilled to announce the launch of a major new research center on our Corvallis campus: The Jen-Hsun and Lori Huang Collaborative Innovation Complex. We are grateful to these proud alumni for … [+166 chars]
"{'id': None, 'name': 'OilPrice.com'}",Alex Kimani,Data Centers Set to Consume 9% of U.S. Electricity by 2030,"Over the past few years, dozens of pundits and industry experts have laid out prognostications that the ongoing Fourth Industrial Revolution will drive unprecedented electricity demand growth in the United States and globally. Last year,  the power sector con…",https://oilprice.com/Energy/Energy-General/Data-Centers-Set-to-Consume-9-of-US-Electricity-by-2030.html,https://d32r1sh890xpii.cloudfront.net/article/718x300/2024-05-31_9kyefotrfs.jpg,2024-05-31 20:00:00+00:00,"India's power demand has climbed…
European countries, led by Germany…
Despite initial enthusiasm, the adoption…
By Alex Kimani - May 31, 2024, 3:00 PM CDT
Over the past few years, dozens of pundi… [+8014 chars]"
"{'id': None, 'name': 'Forbes'}","Colin Harper, Senior Contributor, 
 Colin Harper, Senior Contributor
 https://www.forbes.com/sites/colinharper/",Revenue From AI Could Be A Game Changer For Bitcoin Miners – But Can They Make It Work?,"Bitcoin miners have worked to diversify their revenue, concentrating on HPC and AI services, but these alternative revenue streams are not yet making a notable impact.",https://www.forbes.com/sites/colinharper/2024/05/31/revenue-from-ai-could-be-a-game-changer-for-bitcoin-miners--but-can-they-make-it-work/,https://imageio.forbes.com/specials-images/imageserve/665a2a836f76efbf02ddacfe/0x0.png?format=png&height=900&width=1600&fit=bounds,2024-05-31 19:58:48+00:00,Publicly traded bitcoin miners have taken steps in recent years to diversify their revenue by establishing new business lines that arent tied to the price of the cryptocurrency. These efforts anticip… [+7472 chars]
"{'id': None, 'name': 'Yahoo Entertainment'}",,黃仁勳2日台大演講！學生狂寄信求入場…校長無奈拒絕　原因曝光,生活中心／陳慈鈴報導 輝達（NVIDIA）創辦人黃仁勳26日再度來到台灣，AI教父魅力全台無法擋。黃仁勳明（2）日即將前往台大演講，消息一出，許多學生紛紛寫信給台大校,https://consent.yahoo.com/v2/collectConsent?sessionId=1_cc-session_565a358f-d061-4472-8f39-4be40e15037f,,2024-05-31 19:55:37+00:00,"If you click 'Accept all', we and our partners, including 237 who are part of the IAB Transparency &amp; Consent Framework, will also store and/or access information on a device (in other words, use … [+678 chars]"
"{'id': None, 'name': 'Yahoo Entertainment'}",中天新聞網,黃仁勳明赴台大演講！大票學生求入場　校長拒絕原因曝光,輝達（NVIDIA）執行長黃仁勳明天（6/2）將在台大體育館發表國際電腦展（Computex）主題演講，許多學生寫信給台大校長陳文章求入場，但陳文章只能拒絕。,https://tw.news.yahoo.com/%E9%BB%83%E4%BB%81%E5%8B%B3%E6%98%8E%E8%B5%B4%E5%8F%B0%E5%A4%A7%E6%BC%94%E8%AC%9B-%E5%A4%A7%E7%A5%A8%E5%AD%B8%E7%94%9F%E6%B1%82%E5%85%A5%E5%A0%B4-%E6%A0%A1%E9%95%B7%E6%8B%92%E7%B5%95%E5%8E%9F%E5%9B%A0%E6%9B%9D%E5%85%89-035219597.html,https://s.yimg.com/ny/api/res/1.2/ctzjm76TCaDfXs0bm9D6hg--/YXBwaWQ9aGlnaGxhbmRlcjt3PTEyMDA7aD04MDA-/https://media.zenfs.com/ko/gotv_ctitv_com_tw_678/efb8f3b1c6757a190ee38410cf6aeb36,2024-05-31 19:52:19+00:00,Curious about storage unit prices in your area? Click here to uncover exclusive deals and compare local storage units to find the best one for you.
"{'id': None, 'name': 'BeInCrypto'}",Andrés Torres,EEUU restringe exportaciones de chips de IA a Medio Oriente: ¿Cómo afecta a Nvidia?,"El Departamento de Comercio de Estados Unidos ha implementado nuevas restricciones en la exportación de procesadores avanzados de inteligencia artificial (IA) hacia varios países de Oriente Medio. 
El post EEUU restringe exportaciones de chips de IA a Medio O…",https://es.beincrypto.com/eeuu-restringe-exportaciones-chips-ia-medio-oriente-nvidia/,https://s32679.pcdn.co/wp-content/uploads/2023/11/bic_Artificial_Intelligence_AI_4-covers_bearish.png.webp,2024-05-31 19:48:05+00:00,"Recientemente, el Departamento de Comercio de Estados Unidos ha implementado nuevas restricciones en la exportación de procesadores avanzados de inteligencia artificial (IA) hacia varios países de Or… [+3288 chars]"
"{'id': None, 'name': 'TechSpot'}",Alfonso Maruccia,Big Tech companies form the Ultra Accelerator Link group to create an open connectivity standard for AI accelerators,Some of the largest technology companies in the hardware and AI sectors have formed a consortium to create a new industry standard for GPU connectivity. The Ultra Accelerator Link (UALink) group aims to develop open technology solutions to benefit the entire …,https://www.techspot.com/news/103215-big-tech-companies-form-ultra-accelerator-link-group.html,https://www.techspot.com/images2/news/bigimage/2024/05/2024-05-31-image-14.jpg,2024-05-31 19:46:00+00:00,"In context: Now that the crypto-mining boom is over, Nvidia has yet to return to its previous gaming-centric focus. Instead, it has jumped into the AI boom, providing GPUs to power chatbots and AI se… [+2194 chars]"
"{'id': None, 'name': 'Dealcatcher.com'}",,Dell - Dell Alienware m18 Laptop $1499.99,"<p>Dell has this Dell Alienware m18 Laptop on sale for $1,499.99 with with Dell Pay Credit Account and promo code. Shipping is included.</p><p>SPECS:</p><ul><li>    18"" FHD+ (1920 x 1200) 16:10, 300-nits, 480Hz 3ms, 100% DCI-P3, Anti-glare, IPS Display</li><l…",https://www.dealcatcher.com/laptops?offer=998241577,https://app.dealcatcher.com/bigly/998241577-40.png,2024-05-31 19:45:28+00:00,"$1499.99$2199.99 (32% off) at Dell
 With coupon code: DPAYDPAY
Dell has this Dell Alienware m18 Laptop on sale for $1,499.99 with with Dell Pay Credit Account and promo code. Shipping is included.… [+972 chars]"
"{'id': None, 'name': 'Biztoc.com'}",fastcompany.com,Nvidia is almost bigger than Apple,"Nvidia could soon surpass Apple to become the world’s second-most valuable company, as the biggest beneficiary of the surge in adoption of AI applications takes on the iPhone maker that has been the largest Wall Street firm by market value for years. The reli…",https://biztoc.com/x/794db4fbdb75039b,https://c.biztoc.com/p/794db4fbdb75039b/s.webp,2024-05-31 19:44:04+00:00,"Nvidia could soon surpass Apple to become the worlds second-most valuable company, as the biggest beneficiary of the surge in adoption of AI applications takes on the iPhone maker that has been the l… [+280 chars]"
"{'id': None, 'name': 'The Sydney Morning Herald'}",David Swan,Australian at the centre of the high-stakes battle over AI has a warning for the world,There’s a war raging about the future of artificial intelligence - and Melbourne-born Helen Toner is in the thick of it.,https://www.smh.com.au/technology/australian-at-the-centre-of-the-high-stakes-battle-over-ai-has-a-warning-for-the-world-20240528-p5jh5v.html,https://static.ffx.io/images/$zoom_0.4379%2C$multiply_0.7554%2C$ratio_1.777778%2C$width_1059%2C$x_0%2C$y_90/t_crop_custom/q_86%2Cf_auto/t_smh_analysis_no_age_social_wm/26126777831f3414d45a42a4a21417dbb34ce621,2024-05-31 19:35:13+00:00,"Sam Altman, chief executive officer of OpenAI.Credit: Bloomberg
Toner, who is in her early 30s and is an AI policy researcher, graduated from Melbourne Girls Grammar with a perfect VCE score. She jo… [+9456 chars]"
"{'id': None, 'name': 'Thewindowsclub.com'}",Yusuf@TWC,Realtek Audio Console missing from the Microsoft Store,"Realtek Audio Console or Control might look universal but is exclusive to your system. If you have a DCH Driver, Microsoft Store will be able to find the Realtek Audio Console for you; if not, you will not be able to find the application. In this post, we wil…",https://www.thewindowsclub.com/realtek-audio-console-missing-from-the-microsoft-store,https://www.thewindowsclub.com/wp-content/uploads/2024/05/realtek-audio-console-missing.jpg,2024-05-31 19:34:00+00:00,"Realtek Audio Console or Control might look universal but is exclusive to your system. If you have a DCH Driver, Microsoft Store will be able to find the Realtek Audio Console for you; if not, you wi… [+5304 chars]"
"{'id': None, 'name': 'Ozbargain.com.au'}",Vixxun,Win a PC from Xidax x Intel,"The Sweepstakes is open worldwide
SPECS:
CPU: Intel® Core™ i9-14900KS
Case: XIDAX XEN
Motherboard: MSI MPG Z790 EDGE TI MAX
GPU: NVIDIA RTX 4090
RAM: VIPER VENOM 64GB (6000MHZ)",https://www.ozbargain.com.au/node/848634,https://files.ozbargain.com.au/n/34/848634x.jpg?h=fdd5c9e1,2024-05-31 19:31:39+00:00,"All trademarks are owned by their respective owners.OzBargain is an independent community website which has no association with nor endorsement by the respective trademark owners.
Copyright © 2006-2… [+32 chars]"
"{'id': None, 'name': 'Biztoc.com'}",cnbc.com,Nvidia’s billionaire founder: The No. 1 thing I believe today that my younger self wouldn’t understand,"Jensen Huang used to worry about not having enough time to accomplish everything he wanted. These days, the billionaire Nvidia CEO and co-founder wishes he hadn't worried so much. ""There's plenty of time. If you prioritize yourself properly and you make sure …",https://biztoc.com/x/e16133b3ebe4ef1a,https://c.biztoc.com/p/e16133b3ebe4ef1a/s.webp,2024-05-31 19:30:06+00:00,"Jensen Huang used to worry about not having enough time to accomplish everything he wanted.These days, the billionaire Nvidia CEO and co-founder wishes he hadn't worried so much. ""There's plenty of t… [+250 chars]"
"{'id': None, 'name': 'Ig.com.br'}","Canaltech, Canaltech",NVIDIA compra mais chips que Coreia do Sul consegue fornecer,Compra de semicondutores pela NVIDIA e outras Big Techs cresceu tanto que fabricantes sul-coreanas de chips não acompanham e registram menor estoque desde 2014,https://tecnologia.ig.com.br/parceiros/canaltech/2024-05-31/nvidia-compra-mais-chips-que-coreia-do-sul-consegue-fornecer.html,https://i0.statig.com.br/bancodeimagens/cs/3p/x9/cs3px9p3yqvqb7tz164ya06ar.jpg,2024-05-31 19:20:27+00:00,"A NVIDIA é uma das empresas na vanguarda da criação de produtos baseados em semicondutores
, entre placas de vídeo, aceleradores de IA e, muito em breve, CPUs
. Contudo, o crescimento da empresa e … [+2147 chars]"
"{'id': None, 'name': 'Yahoo Entertainment'}",Zarah Hamid,Urban Honolulu’s Sky High Home Prices Are Finally Falling,We recently compiled a list of the 25 Cities Where Home Prices Are Falling Most Now and in this article we will talk about a major US market where sky-high...,https://finance.yahoo.com/news/urban-honolulu-sky-high-home-191836801.html,https://media.zenfs.com/en/insidermonkey.com/05bd6a0cfb5cdfebbae3e5ae18ee9a37,2024-05-31 19:18:36+00:00,"We recently compiled a list of the 25 Cities Where Home Prices Are Falling Most Now and in this article we will talk about a major US market where sky-high home prices are finally falling.
Real Esta… [+11106 chars]"
"{'id': None, 'name': 'Slashdot.org'}",feedfeeder,Why stock-market optimism over April’s PCE inflation report faded so fast - MarketWatch,"Why stock-market optimism over April’s PCE inflation report faded so fastMarketWatch S&P 500 falls on Friday, heads for first losing week in six: Live updatesCNBC Stocks Are Mixed After PCE Inflation Data. What Could Come Next.Barron's Stock market today: US …",https://slashdot.org/firehose.pl?op=view&amp;id=174022797,,2024-05-31 19:14:01+00:00,Sign up for the Slashdot newsletter! OR check out the new Slashdot job board to browse remote jobs or jobs in your areaDo you develop on GitHub? You can keep using GitHub but automatically sync your … [+268 chars]
"{'id': None, 'name': 'CNBC'}",,Nvidia’s billionaire founder: The No. 1 thing I believe today that my younger self wouldn’t understand,"Nvidia CEO Jensen Huang says there's ""plenty of time"" in any given day, if you prioritize what's most important. His younger self would've disagreed, he says.",https://www.cnbc.com/2024/05/31/nvidia-ceo-what-he-believes-now-that-younger-self-would-disagree-on.html,,2024-05-31 19:11:22+00:00,"Jensen Huang used to worry about not having enough time to accomplish everything he wanted.
These days, the billionaire Nvidia CEO and co-founder wishes he hadn't worried so much. ""There's plenty of… [+3644 chars]"
"{'id': None, 'name': 'Finofilipino.org'}",Fino,Sólo Nvidia ya vale más que toda la bolsa alemana.,"@juanrallo
Ver post completo: Sólo Nvidia ya vale más que toda la bolsa alemana.",https://finofilipino.org/solo-nvidia-ya-vale-mas-que-toda-la-bolsa-alemana/,https://finofilipino.org/wp-content/uploads/2024/05/Screenshot_377.jpg,2024-05-31 19:09:20+00:00,"Pero el pasado 20 de abril se sobrepasaron, supuestamente, todos los límites. La joven de 16 años iba a tirar la basura cuando los agresores en medio de insultos y gritos de “pvta, te vamos a foIIar”… [+642 chars]"
"{'id': None, 'name': 'Forbes'}","Hyunsoo Rim, Contributor, 
 Hyunsoo Rim, Contributor
 https://www.forbes.com/sites/hyunsoorim/",The Beloved 90s Fashion Brand Is Making A Turnaround—Even Beating Nvidia Over The Past Year,"Abercrombie & Fitch continues its winning streak as young millennials turn back to the nostalgic brand, favoring its mid-priced inclusive products.",https://www.forbes.com/sites/hyunsoorim/2024/05/31/the-beloved-90s-fashion-brand-is-making-a-turnaround-even-beating-nvidia-over-the-past-year/,"https://imageio.forbes.com/specials-images/imageserve/6658903d8eed6737485b9d94/0x0.jpg?format=jpg&crop=2358,1327,x0,y180,safe&height=900&width=1600&fit=bounds",2024-05-31 19:06:36+00:00,"Abercrombie &amp; Fitch, the iconic fashion brand that dominated the Y2K era, reported record-breaking first-quarter earnings Wednesday, signaling a successful turnaround as young millennials turned … [+6376 chars]"
"{'id': None, 'name': 'Biztoc.com'}",investorplace.com,"Move Over, Apple! Nvidia Stock Is Coming for the No. 2 Spot","Bidding up the bullish case for Nvidia (NASDAQ:NVDA) has become a sport on Wall Street, with experts aiming for a massive benchmark. Given the robust performance of Nvidia stock and the soaring demand for artificial intelligence ( ), it’s possible that the un…",https://biztoc.com/x/5869db311d56ad0a,https://c.biztoc.com/p/5869db311d56ad0a/s.webp,2024-05-31 19:06:11+00:00,"Bidding up the bullish case for Nvidia (NASDAQ:NVDA) has become a sport on Wall Street, with experts aiming for a massive benchmark. Given the robust performance of Nvidia stock and the soaring deman… [+268 chars]"
"{'id': None, 'name': 'Yahoo Entertainment'}",,54歲前沒來過台灣！張忠謀創台積電…92歲夜市初體驗　網笑：感謝黃仁勳,財經中心／陳慈鈴報導 輝達（NVIDIA）創辦人黃仁勳26日再度來台，AI教父旋風席捲全台。這次他還宴請了台灣14位科技巨頭，備受外界關注。29日晚上，台積電創辦人張,https://consent.yahoo.com/v2/collectConsent?sessionId=1_cc-session_85e93cb0-bccd-48d6-9f6f-660fa91680fc,,2024-05-31 19:05:16+00:00,"If you click 'Accept all', we and our partners, including 237 who are part of the IAB Transparency &amp; Consent Framework, will also store and/or access information on a device (in other words, use … [+678 chars]"
"{'id': None, 'name': 'SiliconANGLE News'}",Robert Hof,"Look out below: AI’s double-edged sword slashes Dell, MongoDB, Salesforce and more","Perhaps it shouldn’t come as a surprise that the artificial intelligence boom was never going to be unalloyed good for every enterprise technology provider looking to leverage AI. But this week, investors got a taste of the downside and they didn’t like it, s…",https://siliconangle.com/2024/05/31/look-ais-double-edged-sword-slashes-dell-mongodb-salesforce/,https://d15shllkswkct0.cloudfront.net/wp-content/blogs.dir/1/files/2024/05/aistockcharts-ideogram.png,2024-05-31 19:05:00+00:00,"Perhaps it shouldn’t come as a surprise that the artificial intelligence boom was never going to be unalloyed good for every enterprise technology provider looking to leverage AI.
But this week, inv… [+8599 chars]"
"{'id': None, 'name': 'Yahoo Entertainment'}",,黃仁勳台大開講！學生致信校長盼望能入場,[NOWnews今日新聞]輝達（NVIDIA）執行長黃仁勳訪台，將在2日參與2024台北國際電腦展（COMPUTEX）活動，並在台大體育館發表主題演講，分享人工智慧時代如何帶動全球新產業革命的發展，有...,https://consent.yahoo.com/v2/collectConsent?sessionId=1_cc-session_b7908eec-f23a-4ca3-9bd7-354718c9b2b6,,2024-05-31 19:04:05+00:00,"If you click 'Accept all', we and our partners, including 237 who are part of the IAB Transparency &amp; Consent Framework, will also store and/or access information on a device (in other words, use … [+678 chars]"
"{'id': None, 'name': 'Feber.se'}",Wille Wilhelmsson,Norskt företag vill bygga vindkraftspark utanför Stockholm,"Skulle kunna producera lika mycket el som fyra kärnkraftsreaktorer






Det norska företaget Deep Wind Offshore har ansökt om att bygga en vindkraftspark i havet utanför Stockholm. Vindkraftsparken ska kunna producera 4500 MW, lika mycket som fyra kärnkrafts…",https://feber.se/samhalle/norskt-foretag-vill-bygga-vindkraftspark-utanfor-stockholm/468240/,https://static.feber.se/article_images/59/02/89/590289.jpg,2024-05-31 19:00:00+00:00,"+
Läs artiklar före alla andra
Kommentera före alla andra
Välj periodJu längre period, desto bättre pris. Du bestämmer! 
Månad
39 kr/mån
Kvartal
33 kr/mån
År
25 kr/mån
Välj hur du vill beta… [+39749 chars]"
"{'id': None, 'name': 'Platformonomics.com'}",Charles Fitzgerald,"Platformonomics TGIF #52: May 31, 2024","Platformonomics TGIF is a weekly roll-up of links, comments on those links, and perhaps a little too much tugging on my favorite threads. This marks a year of these newsletters (elapsed time a little longer)! I enjoy the writing process, find it helps me refi…",https://platformonomics.com/2024/05/platformonomics-tgif-52-may-31-2024/,https://platformonomics.com/wp-content/uploads/2024/05/image-41.png,2024-05-31 18:58:53+00:00,"Concentration of Revenue
Revenue by geographic region is designated based on the billing location even if the revenue may be attributable to end customers, such as enterprises and gamers in a differ… [+1307 chars]"
"{'id': None, 'name': 'Slashdot.org'}",feedfeeder,Stock market today: US futures turn green as key inflation measure slows - Yahoo Finance,"Stock market today: US futures turn green as key inflation measure slowsYahoo Finance S&P 500 falls on Friday, heads for first losing week in six: Live updatesCNBC Stocks Are Mixed After PCE Inflation Data. What Could Come Next.Barron's Indexes Mixed After In…",https://slashdot.org/firehose.pl?op=view&amp;id=174022729,,2024-05-31 18:54:08+00:00,Sign up for the Slashdot newsletter! OR check out the new Slashdot job board to browse remote jobs or jobs in your areaDo you develop on GitHub? You can keep using GitHub but automatically sync your … [+268 chars]
"{'id': None, 'name': 'Marketscreener.com'}",,Nvidia set to overtake Apple as second-most valuable company,"(marketscreener.com) 
 STORY: :: Nvidia set to overtake Apple as the world's
 second-most valuable company
 :: Nvidia's stock has nearly tripled in value 
 over the past year to $2.68 trillion 
 :: It's due to virtually all AI applications
 relying on the com…",https://www.marketscreener.com/news/latest/Nvidia-set-to-overtake-Apple-as-second-most-valuable-company-46877806/,https://www.marketscreener.com/images/twitter_MS_fdblanc.png,2024-05-31 18:53:34+00:00,"STORY: :: Nvidia set to overtake Apple as the world's
second-most valuable company
:: Nvidia's stock has nearly tripled in value 
over the past year to $2.68 trillion 
:: It's due to virtually al… [+502 chars]"
